open_time,open,high,low,close
2026-04-20 00:00:00+00:00,2263.28,2283.14,2259.67,2280.01
2026-04-20 01:00:00+00:00,2280.02,2294.3,2278.2,2286.17
2026-04-20 02:00:00+00:00,2286.16,2287.63,2272.25,2277.43
2026-04-20 03:00:00+00:00,2277.43,2288.58,2276.08,2286.56
2026-04-20 04:00:00+00:00,2286.55,2286.55,2278.84,2283.39
2026-04-20 05:00:00+00:00,2283.39,2283.39,2263.18,2270.21
2026-04-20 06:00:00+00:00,2270.21,2289.0,2268.78,2286.17
2026-04-20 07:00:00+00:00,2286.17,2332.88,2283.02,2298.8
2026-04-20 08:00:00+00:00,2298.81,2308.65,2289.82,2294.09
2026-04-20 09:00:00+00:00,2294.08,2313.64,2293.3,2309.06
2026-04-20 10:00:00+00:00,2309.06,2320.0,2303.23,2303.39
2026-04-20 11:00:00+00:00,2303.39,2312.33,2300.0,2308.42
2026-04-20 12:00:00+00:00,2308.42,2323.02,2304.46,2318.88
2026-04-20 13:00:00+00:00,2318.88,2326.36,2301.53,2310.82
2026-04-20 14:00:00+00:00,2310.82,2321.98,2283.0,2290.9
2026-04-20 15:00:00+00:00,2290.91,2319.0,2278.38,2313.91
2026-04-20 16:00:00+00:00,2313.92,2315.01,2298.76,2300.07
2026-04-20 17:00:00+00:00,2300.07,2322.4,2297.97,2317.06
2026-04-20 18:00:00+00:00,2317.06,2344.19,2317.06,2334.23
2026-04-20 19:00:00+00:00,2334.24,2336.43,2327.27,2331.78
2026-04-20 20:00:00+00:00,2331.78,2340.15,2325.33,2337.59
2026-04-20 21:00:00+00:00,2337.58,2346.78,2315.21,2321.65
2026-04-20 22:00:00+00:00,2321.64,2328.52,2316.75,2319.4
2026-04-20 23:00:00+00:00,2319.4,2319.4,2307.74,2313.85
2026-04-21 00:00:00+00:00,2313.84,2324.7,2311.66,2321.94
2026-04-21 01:00:00+00:00,2321.94,2326.64,2312.66,2315.16
2026-04-21 02:00:00+00:00,2315.16,2315.72,2306.45,2308.34
2026-04-21 03:00:00+00:00,2308.34,2312.9,2300.01,2311.62
2026-04-21 04:00:00+00:00,2311.62,2315.87,2304.06,2314.59
2026-04-21 05:00:00+00:00,2314.59,2320.69,2312.65,2314.07
2026-04-21 06:00:00+00:00,2314.07,2327.05,2308.01,2317.36
2026-04-21 07:00:00+00:00,2317.37,2324.98,2311.56,2318.48
2026-04-21 08:00:00+00:00,2318.48,2338.75,2314.0,2323.43
2026-04-21 09:00:00+00:00,2323.42,2327.65,2318.37,2325.69
2026-04-21 10:00:00+00:00,2325.7,2337.27,2325.33,2331.15
2026-04-21 11:00:00+00:00,2331.15,2331.29,2316.14,2320.45
2026-04-21 12:00:00+00:00,2320.45,2324.68,2294.39,2308.54
2026-04-21 13:00:00+00:00,2308.54,2317.37,2301.0,2312.77
2026-04-21 14:00:00+00:00,2312.77,2327.5,2295.0,2299.35
2026-04-21 15:00:00+00:00,2299.35,2310.72,2290.35,2310.24
2026-04-21 16:00:00+00:00,2310.25,2324.73,2306.51,2307.45
2026-04-21 17:00:00+00:00,2307.44,2319.61,2284.19,2306.21
2026-04-21 18:00:00+00:00,2306.2,2313.33,2300.29,2312.72
2026-04-21 19:00:00+00:00,2312.72,2332.0,2287.3,2298.41
2026-04-21 20:00:00+00:00,2298.42,2325.88,2296.04,2314.56
2026-04-21 21:00:00+00:00,2314.55,2318.0,2309.41,2312.56
2026-04-21 22:00:00+00:00,2312.56,2316.76,2301.9,2311.35
2026-04-21 23:00:00+00:00,2311.35,2329.47,2310.92,2327.14
2026-04-22 00:00:00+00:00,2327.15,2330.82,2322.62,2325.58
2026-04-22 01:00:00+00:00,2325.57,2328.73,2312.95,2322.37
2026-04-22 02:00:00+00:00,2322.37,2375.23,2320.22,2370.34
2026-04-22 03:00:00+00:00,2370.35,2379.66,2358.49,2363.62
2026-04-22 04:00:00+00:00,2363.63,2369.54,2358.41,2363.81
2026-04-22 05:00:00+00:00,2363.82,2413.83,2361.85,2396.81
2026-04-22 06:00:00+00:00,2396.81,2397.06,2389.44,2393.37
2026-04-22 07:00:00+00:00,2393.38,2397.62,2383.33,2389.97
2026-04-22 08:00:00+00:00,2389.98,2393.91,2383.0,2388.22
2026-04-22 09:00:00+00:00,2388.22,2394.27,2385.0,2387.51
2026-04-22 10:00:00+00:00,2387.52,2393.68,2385.15,2390.2
2026-04-22 11:00:00+00:00,2390.21,2400.78,2386.51,2398.44
2026-04-22 12:00:00+00:00,2398.44,2407.03,2396.16,2404.92
2026-04-22 13:00:00+00:00,2404.91,2423.0,2401.27,2417.4
2026-04-22 14:00:00+00:00,2417.4,2423.75,2391.5,2403.17
2026-04-22 15:00:00+00:00,2403.17,2413.89,2390.9,2403.83
2026-04-22 16:00:00+00:00,2403.84,2413.75,2384.17,2386.14
2026-04-22 17:00:00+00:00,2386.15,2402.5,2386.15,2399.21
2026-04-22 18:00:00+00:00,2399.21,2404.69,2395.09,2396.91
2026-04-22 19:00:00+00:00,2396.92,2407.24,2389.18,2397.79
2026-04-22 20:00:00+00:00,2397.8,2402.34,2390.81,2391.92
2026-04-22 21:00:00+00:00,2391.91,2406.11,2391.88,2402.55
2026-04-22 22:00:00+00:00,2402.55,2405.38,2394.09,2400.09
2026-04-22 23:00:00+00:00,2400.08,2400.48,2373.95,2374.07
2026-04-23 00:00:00+00:00,2374.08,2382.0,2342.8,2372.96
2026-04-23 01:00:00+00:00,2372.96,2372.97,2360.72,2366.79
2026-04-23 02:00:00+00:00,2366.79,2366.86,2344.35,2351.96
2026-04-23 03:00:00+00:00,2351.96,2353.44,2331.5,2340.81
2026-04-23 04:00:00+00:00,2340.82,2348.66,2337.12,2347.84
2026-04-23 05:00:00+00:00,2347.84,2352.61,2340.19,2348.77
2026-04-23 06:00:00+00:00,2348.77,2358.93,2348.77,2354.43
2026-04-23 07:00:00+00:00,2354.44,2356.85,2340.0,2344.43
2026-04-23 08:00:00+00:00,2344.43,2345.0,2335.0,2339.92
2026-04-23 09:00:00+00:00,2339.91,2339.91,2313.58,2316.25
2026-04-23 10:00:00+00:00,2316.24,2319.17,2305.61,2314.09
2026-04-23 11:00:00+00:00,2314.09,2331.99,2314.09,2328.97
2026-04-23 12:00:00+00:00,2328.96,2335.23,2320.81,2328.87
2026-04-23 13:00:00+00:00,2328.88,2332.5,2315.23,2319.82
2026-04-23 14:00:00+00:00,2319.81,2335.12,2316.07,2334.24
2026-04-23 15:00:00+00:00,2334.24,2343.58,2324.15,2333.26
2026-04-23 16:00:00+00:00,2333.26,2335.76,2323.39,2326.38
2026-04-23 17:00:00+00:00,2326.39,2329.24,2285.42,2310.42
2026-04-23 18:00:00+00:00,2310.42,2319.04,2304.42,2305.31
2026-04-23 19:00:00+00:00,2305.3,2318.97,2300.7,2312.88
2026-04-23 20:00:00+00:00,2312.87,2329.48,2312.74,2325.37
2026-04-23 21:00:00+00:00,2325.36,2328.85,2320.73,2321.66
2026-04-23 22:00:00+00:00,2321.66,2338.79,2321.66,2331.97
2026-04-23 23:00:00+00:00,2331.97,2333.18,2323.71,2330.26
2026-04-24 00:00:00+00:00,2330.27,2337.5,2326.68,2332.48
2026-04-24 01:00:00+00:00,2332.47,2334.23,2318.69,2332.84
2026-04-24 02:00:00+00:00,2332.83,2335.39,2315.05,2319.91
2026-04-24 03:00:00+00:00,2319.9,2322.84,2301.35,2308.64
2026-04-24 04:00:00+00:00,2308.63,2311.75,2300.5,2306.16
2026-04-24 05:00:00+00:00,2306.16,2317.35,2300.22,2314.74
2026-04-24 06:00:00+00:00,2314.75,2316.87,2308.71,2309.2
2026-04-24 07:00:00+00:00,2309.21,2316.85,2308.48,2311.63
2026-04-24 08:00:00+00:00,2311.63,2322.99,2307.49,2315.24
2026-04-24 09:00:00+00:00,2315.24,2315.79,2303.74,2310.18
2026-04-24 10:00:00+00:00,2310.19,2319.06,2306.0,2316.02
2026-04-24 11:00:00+00:00,2316.01,2332.26,2316.01,2328.1
2026-04-24 12:00:00+00:00,2328.1,2331.85,2318.53,2325.25
2026-04-24 13:00:00+00:00,2325.26,2331.67,2310.99,2317.32
2026-04-24 14:00:00+00:00,2317.32,2318.4,2304.07,2313.41
2026-04-24 15:00:00+00:00,2313.42,2329.73,2301.61,2323.81
2026-04-24 16:00:00+00:00,2323.81,2324.23,2310.0,2316.67
2026-04-24 17:00:00+00:00,2316.66,2322.0,2308.82,2319.6
2026-04-24 18:00:00+00:00,2319.59,2321.41,2310.01,2319.92
2026-04-24 19:00:00+00:00,2319.93,2325.0,2319.22,2321.6
2026-04-24 20:00:00+00:00,2321.59,2328.16,2315.38,2326.47
2026-04-24 21:00:00+00:00,2326.47,2327.52,2312.6,2315.18
2026-04-24 22:00:00+00:00,2315.19,2316.17,2307.2,2311.92
2026-04-24 23:00:00+00:00,2311.93,2316.05,2311.93,2314.99
2026-04-25 00:00:00+00:00,2314.98,2316.05,2311.27,2316.04
2026-04-25 01:00:00+00:00,2316.04,2321.36,2315.46,2318.0
2026-04-25 02:00:00+00:00,2318.01,2319.27,2314.78,2317.4
2026-04-25 03:00:00+00:00,2317.41,2320.43,2315.12,2318.43
2026-04-25 04:00:00+00:00,2318.44,2319.01,2316.15,2316.79
2026-04-25 05:00:00+00:00,2316.8,2316.8,2313.3,2316.01
2026-04-25 06:00:00+00:00,2316.01,2317.64,2314.89,2316.01
2026-04-25 07:00:00+00:00,2316.0,2318.81,2314.26,2316.48
2026-04-25 08:00:00+00:00,2316.48,2320.92,2315.92,2319.44
2026-04-25 09:00:00+00:00,2319.43,2323.21,2317.17,2319.12
2026-04-25 10:00:00+00:00,2319.11,2322.74,2318.93,2320.56
2026-04-25 11:00:00+00:00,2320.57,2320.57,2311.2,2313.64
2026-04-25 12:00:00+00:00,2313.65,2317.02,2311.88,2313.55
2026-04-25 13:00:00+00:00,2313.56,2317.88,2313.56,2316.25
2026-04-25 14:00:00+00:00,2316.25,2318.94,2315.27,2316.02
2026-04-25 15:00:00+00:00,2316.03,2318.68,2303.0,2308.09
2026-04-25 16:00:00+00:00,2308.08,2311.03,2300.55,2309.53
2026-04-25 17:00:00+00:00,2309.54,2313.62,2307.34,2309.36
2026-04-25 18:00:00+00:00,2309.36,2313.98,2308.28,2311.55
2026-04-25 19:00:00+00:00,2311.55,2312.31,2307.12,2310.06
2026-04-25 20:00:00+00:00,2310.06,2313.21,2308.85,2313.2
2026-04-25 21:00:00+00:00,2313.21,2317.35,2312.86,2315.8
2026-04-25 22:00:00+00:00,2315.79,2320.42,2315.09,2317.75
2026-04-25 23:00:00+00:00,2317.76,2319.86,2316.92,2319.5
2026-04-26 00:00:00+00:00,2319.49,2320.06,2312.0,2315.37
2026-04-26 01:00:00+00:00,2315.37,2317.88,2313.48,2313.85
2026-04-26 02:00:00+00:00,2313.84,2318.4,2313.58,2315.15
2026-04-26 03:00:00+00:00,2315.15,2316.35,2306.72,2310.0
2026-04-26 04:00:00+00:00,2309.99,2319.76,2308.97,2317.74
2026-04-26 05:00:00+00:00,2317.73,2336.48,2317.57,2327.84
2026-04-26 06:00:00+00:00,2327.85,2333.27,2327.46,2329.99
2026-04-26 07:00:00+00:00,2330.0,2332.25,2328.58,2331.24
2026-04-26 08:00:00+00:00,2331.25,2337.68,2330.49,2332.38
2026-04-26 09:00:00+00:00,2332.37,2335.59,2329.66,2334.69
2026-04-26 10:00:00+00:00,2334.68,2336.32,2331.7,2332.95
2026-04-26 11:00:00+00:00,2332.95,2337.5,2332.75,2335.95
2026-04-26 12:00:00+00:00,2335.96,2336.4,2324.19,2328.89
2026-04-26 13:00:00+00:00,2328.9,2336.0,2328.11,2335.22
2026-04-26 14:00:00+00:00,2335.21,2352.44,2333.64,2346.2
2026-04-26 15:00:00+00:00,2346.2,2348.93,2344.23,2348.05
2026-04-26 16:00:00+00:00,2348.06,2349.43,2342.91,2342.92
2026-04-26 17:00:00+00:00,2342.92,2349.99,2340.56,2349.43
2026-04-26 18:00:00+00:00,2349.42,2369.01,2347.42,2361.99
2026-04-26 19:00:00+00:00,2361.99,2376.35,2359.55,2367.4
2026-04-26 20:00:00+00:00,2367.4,2372.68,2362.5,2362.5
2026-04-26 21:00:00+00:00,2362.51,2370.33,2348.47,2364.34
2026-04-26 22:00:00+00:00,2364.34,2380.0,2353.53,2361.89
2026-04-26 23:00:00+00:00,2361.88,2378.61,2356.73,2369.44
2026-04-27 00:00:00+00:00,2369.45,2392.0,2359.46,2390.76
2026-04-27 01:00:00+00:00,2390.56,2404.37,2377.56,2394.61
2026-04-27 02:00:00+00:00,2394.6,2397.0,2387.29,2392.16
2026-04-27 03:00:00+00:00,2392.16,2400.43,2390.57,2394.85
2026-04-27 04:00:00+00:00,2394.85,2396.05,2380.45,2382.84
2026-04-27 05:00:00+00:00,2382.84,2383.46,2319.31,2323.18
2026-04-27 06:00:00+00:00,2323.17,2329.13,2312.71,2321.0
2026-04-27 07:00:00+00:00,2321.01,2323.82,2315.0,2316.01
2026-04-27 08:00:00+00:00,2316.0,2319.68,2309.13,2319.68
2026-04-27 09:00:00+00:00,2319.68,2325.52,2315.59,2322.19
2026-04-27 10:00:00+00:00,2322.19,2323.97,2318.87,2320.14
2026-04-27 11:00:00+00:00,2320.14,2322.84,2316.84,2320.39
2026-04-27 12:00:00+00:00,2320.39,2320.96,2312.59,2314.11
2026-04-27 13:00:00+00:00,2314.1,2320.76,2303.5,2312.28
2026-04-27 14:00:00+00:00,2312.28,2329.82,2308.69,2314.75
2026-04-27 15:00:00+00:00,2314.75,2315.16,2266.09,2275.07
2026-04-27 16:00:00+00:00,2275.07,2280.6,2270.04,2278.12
2026-04-27 17:00:00+00:00,2278.13,2292.91,2278.12,2287.08
2026-04-27 18:00:00+00:00,2287.09,2292.09,2284.5,2288.75
2026-04-27 19:00:00+00:00,2288.75,2291.08,2274.98,2289.14
2026-04-27 20:00:00+00:00,2289.15,2296.36,2289.08,2291.7
2026-04-27 21:00:00+00:00,2291.69,2292.4,2287.0,2287.33
2026-04-27 22:00:00+00:00,2287.34,2295.7,2284.66,2294.36
2026-04-27 23:00:00+00:00,2294.36,2308.61,2291.16,2303.67
2026-04-28 00:00:00+00:00,2303.66,2310.88,2299.47,2306.77
2026-04-28 01:00:00+00:00,2306.76,2308.76,2297.78,2298.61
2026-04-28 02:00:00+00:00,2298.61,2301.01,2280.99,2289.11
2026-04-28 03:00:00+00:00,2289.1,2291.0,2282.39,2290.94
2026-04-28 04:00:00+00:00,2290.93,2294.6,2283.32,2288.57
2026-04-28 05:00:00+00:00,2288.58,2296.91,2286.71,2288.13
2026-04-28 06:00:00+00:00,2288.13,2291.0,2270.53,2277.63
2026-04-28 07:00:00+00:00,2277.63,2288.65,2270.65,2287.99
2026-04-28 08:00:00+00:00,2288.0,2291.64,2283.86,2287.07
2026-04-28 09:00:00+00:00,2287.07,2288.51,2276.67,2282.27
2026-04-28 10:00:00+00:00,2282.26,2287.63,2280.84,2284.51
2026-04-28 11:00:00+00:00,2284.51,2285.36,2270.36,2275.32
2026-04-28 12:00:00+00:00,2275.32,2281.29,2271.59,2278.23
2026-04-28 13:00:00+00:00,2278.23,2286.2,2258.24,2276.36
2026-04-28 14:00:00+00:00,2276.37,2276.63,2261.0,2273.44
2026-04-28 15:00:00+00:00,2273.44,2280.61,2269.22,2279.76
2026-04-28 16:00:00+00:00,2279.76,2288.38,2274.38,2286.18
2026-04-28 17:00:00+00:00,2286.18,2293.38,2278.99,2290.73
2026-04-28 18:00:00+00:00,2290.73,2298.31,2287.9,2296.96
2026-04-28 19:00:00+00:00,2296.96,2305.55,2290.26,2301.96
2026-04-28 20:00:00+00:00,2301.96,2305.95,2295.52,2295.55
2026-04-28 21:00:00+00:00,2295.55,2297.2,2285.75,2290.12
2026-04-28 22:00:00+00:00,2290.12,2294.5,2285.48,2286.18
2026-04-28 23:00:00+00:00,2286.17,2290.18,2284.15,2289.42
2026-04-29 00:00:00+00:00,2289.42,2294.24,2285.38,2292.4
2026-04-29 01:00:00+00:00,2292.41,2297.3,2278.84,2292.45
2026-04-29 02:00:00+00:00,2292.45,2295.61,2284.68,2288.88
2026-04-29 03:00:00+00:00,2288.87,2316.36,2287.61,2311.52
2026-04-29 04:00:00+00:00,2311.53,2342.5,2309.33,2327.32
2026-04-29 05:00:00+00:00,2327.32,2333.22,2322.83,2329.19
2026-04-29 06:00:00+00:00,2329.19,2336.64,2320.24,2324.58
2026-04-29 07:00:00+00:00,2324.59,2330.31,2321.7,2323.73
2026-04-29 08:00:00+00:00,2323.74,2329.03,2321.11,2325.33
2026-04-29 09:00:00+00:00,2325.33,2346.66,2322.74,2339.72
2026-04-29 10:00:00+00:00,2339.71,2346.95,2330.01,2333.68
2026-04-29 11:00:00+00:00,2333.67,2336.0,2328.79,2331.74
2026-04-29 12:00:00+00:00,2331.74,2331.94,2307.4,2316.13
2026-04-29 13:00:00+00:00,2316.13,2318.15,2289.94,2303.03
2026-04-29 14:00:00+00:00,2303.02,2308.29,2293.86,2299.39
2026-04-29 15:00:00+00:00,2299.4,2301.24,2263.1,2272.51
2026-04-29 16:00:00+00:00,2272.5,2279.27,2263.35,2267.47
2026-04-29 17:00:00+00:00,2267.48,2283.33,2266.3,2283.12
2026-04-29 18:00:00+00:00,2283.12,2285.92,2220.36,2239.41
2026-04-29 19:00:00+00:00,2239.41,2242.44,2225.0,2233.7
2026-04-29 20:00:00+00:00,2233.69,2248.73,2230.49,2240.42
2026-04-29 21:00:00+00:00,2240.42,2264.8,2238.59,2253.13
2026-04-29 22:00:00+00:00,2253.14,2259.01,2250.19,2257.78
2026-04-29 23:00:00+00:00,2257.77,2260.3,2250.35,2252.9
2026-04-30 00:00:00+00:00,2252.9,2275.0,2249.47,2272.46
2026-04-30 01:00:00+00:00,2272.45,2279.0,2267.06,2269.35
2026-04-30 02:00:00+00:00,2269.36,2273.14,2236.36,2245.13
2026-04-30 03:00:00+00:00,2245.12,2256.82,2243.89,2253.24
2026-04-30 04:00:00+00:00,2253.24,2254.27,2236.89,2238.97
2026-04-30 05:00:00+00:00,2238.98,2248.31,2231.64,2242.76
2026-04-30 06:00:00+00:00,2242.76,2252.49,2241.86,2248.03
2026-04-30 07:00:00+00:00,2248.03,2262.23,2243.71,2260.31
2026-04-30 08:00:00+00:00,2260.31,2263.21,2255.27,2256.65
2026-04-30 09:00:00+00:00,2256.65,2271.11,2256.0,2261.86
2026-04-30 10:00:00+00:00,2261.86,2265.74,2256.78,2262.01
2026-04-30 11:00:00+00:00,2262.0,2273.7,2252.07,2258.18
2026-04-30 12:00:00+00:00,2258.18,2271.07,2257.74,2265.45
2026-04-30 13:00:00+00:00,2265.46,2272.56,2254.74,2263.9
2026-04-30 14:00:00+00:00,2263.9,2271.07,2245.82,2262.01
2026-04-30 15:00:00+00:00,2262.0,2275.13,2257.65,2265.7
2026-04-30 16:00:00+00:00,2265.7,2267.16,2255.8,2257.24
2026-04-30 17:00:00+00:00,2257.24,2260.47,2251.62,2258.14
2026-04-30 18:00:00+00:00,2258.13,2265.29,2254.55,2259.84
2026-04-30 19:00:00+00:00,2259.84,2267.09,2258.13,2261.99
2026-04-30 20:00:00+00:00,2261.98,2267.32,2260.56,2264.34
2026-04-30 21:00:00+00:00,2264.34,2264.65,2254.0,2256.29
2026-04-30 22:00:00+00:00,2256.29,2261.34,2252.42,2254.25
2026-04-30 23:00:00+00:00,2254.25,2259.01,2254.0,2257.51
2026-05-01 00:00:00+00:00,2257.51,2266.0,2257.21,2260.0
2026-05-01 01:00:00+00:00,2260.0,2270.56,2260.0,2267.75
2026-05-01 02:00:00+00:00,2267.75,2270.0,2265.0,2266.94
2026-05-01 03:00:00+00:00,2266.94,2295.0,2266.25,2282.87
2026-05-01 04:00:00+00:00,2282.87,2285.89,2277.56,2280.12
2026-05-01 05:00:00+00:00,2280.11,2286.75,2278.28,2283.26
2026-05-01 06:00:00+00:00,2283.26,2286.66,2272.09,2277.45
2026-05-01 07:00:00+00:00,2277.46,2281.1,2273.14,2279.48
2026-05-01 08:00:00+00:00,2279.5,2288.5,2277.44,2286.92
2026-05-01 09:00:00+00:00,2286.93,2287.1,2279.87,2282.07
2026-05-01 10:00:00+00:00,2282.08,2285.88,2277.06,2282.53
2026-05-01 11:00:00+00:00,2282.53,2293.0,2281.71,2286.45
2026-05-01 12:00:00+00:00,2286.46,2311.49,2284.15,2301.36
2026-05-01 13:00:00+00:00,2301.37,2324.0,2301.37,2318.22
2026-05-01 14:00:00+00:00,2318.22,2325.28,2301.42,2308.04
2026-05-01 15:00:00+00:00,2308.03,2316.74,2298.77,2307.64
2026-05-01 16:00:00+00:00,2307.64,2314.21,2298.17,2301.94
2026-05-01 17:00:00+00:00,2301.95,2313.53,2298.71,2311.76
2026-05-01 18:00:00+00:00,2311.76,2312.5,2303.45,2304.76
2026-05-01 19:00:00+00:00,2304.77,2307.84,2302.2,2304.85
2026-05-01 20:00:00+00:00,2304.85,2305.86,2278.98,2285.19
2026-05-01 21:00:00+00:00,2285.18,2294.25,2283.58,2292.68
2026-05-01 22:00:00+00:00,2292.67,2299.35,2291.0,2293.5
2026-05-01 23:00:00+00:00,2293.5,2296.23,2289.0,2295.63
2026-05-02 00:00:00+00:00,2295.63,2299.3,2292.91,2297.6
2026-05-02 01:00:00+00:00,2297.59,2300.98,2295.88,2298.63
2026-05-02 02:00:00+00:00,2298.62,2308.34,2295.43,2303.31
2026-05-02 03:00:00+00:00,2303.31,2308.34,2301.01,2304.44
2026-05-02 04:00:00+00:00,2304.43,2304.91,2299.59,2301.26
2026-05-02 05:00:00+00:00,2301.26,2301.52,2296.62,2299.47
2026-05-02 06:00:00+00:00,2299.46,2306.35,2297.09,2305.58
2026-05-02 07:00:00+00:00,2305.59,2306.16,2301.01,2301.02
2026-05-02 08:00:00+00:00,2301.01,2304.44,2299.05,2303.35
2026-05-02 09:00:00+00:00,2303.34,2307.78,2303.34,2305.13
2026-05-02 10:00:00+00:00,2305.13,2305.96,2302.41,2303.54
2026-05-02 11:00:00+00:00,2303.54,2304.99,2300.25,2302.1
2026-05-02 12:00:00+00:00,2302.09,2305.92,2301.36,2303.52
2026-05-02 13:00:00+00:00,2303.53,2311.83,2303.53,2308.08
2026-05-02 14:00:00+00:00,2308.08,2308.59,2305.23,2306.69
2026-05-02 15:00:00+00:00,2306.69,2310.1,2305.32,2309.19
2026-05-02 16:00:00+00:00,2309.18,2313.98,2307.96,2309.31
2026-05-02 17:00:00+00:00,2309.31,2310.25,2305.69,2305.9
2026-05-02 18:00:00+00:00,2305.9,2311.57,2304.08,2310.3
2026-05-02 19:00:00+00:00,2310.31,2312.79,2309.17,2311.08
2026-05-02 20:00:00+00:00,2311.08,2311.84,2309.59,2311.58
2026-05-02 21:00:00+00:00,2311.59,2343.6,2310.79,2325.62
2026-05-02 22:00:00+00:00,2325.62,2328.36,2317.88,2327.0
2026-05-02 23:00:00+00:00,2326.99,2326.99,2313.98,2316.97
2026-05-03 00:00:00+00:00,2316.97,2317.69,2308.9,2313.98
2026-05-03 01:00:00+00:00,2313.98,2314.09,2303.43,2304.14
2026-05-03 02:00:00+00:00,2304.14,2306.83,2299.38,2303.41
2026-05-03 03:00:00+00:00,2303.41,2304.0,2300.0,2301.9
2026-05-03 04:00:00+00:00,2301.9,2304.37,2297.59,2301.53
2026-05-03 05:00:00+00:00,2301.53,2305.56,2301.26,2304.11
2026-05-03 06:00:00+00:00,2304.11,2306.38,2299.69,2304.49
2026-05-03 07:00:00+00:00,2304.5,2314.01,2304.42,2309.28
2026-05-03 08:00:00+00:00,2309.28,2312.67,2307.65,2308.28
2026-05-03 09:00:00+00:00,2308.29,2322.27,2307.49,2316.47
2026-05-03 10:00:00+00:00,2316.48,2316.73,2311.32,2311.54
2026-05-03 11:00:00+00:00,2311.54,2327.5,2310.52,2319.63
2026-05-03 12:00:00+00:00,2319.63,2332.61,2319.63,2325.71
2026-05-03 13:00:00+00:00,2325.71,2328.74,2320.61,2322.21
2026-05-03 14:00:00+00:00,2322.22,2329.6,2321.19,2328.28
2026-05-03 15:00:00+00:00,2328.28,2333.91,2324.96,2328.44
2026-05-03 16:00:00+00:00,2328.45,2335.0,2322.38,2328.41
2026-05-03 17:00:00+00:00,2328.4,2335.35,2324.11,2331.85
2026-05-03 18:00:00+00:00,2331.85,2333.6,2328.29,2330.98
2026-05-03 19:00:00+00:00,2330.98,2337.87,2328.47,2335.59
2026-05-03 20:00:00+00:00,2335.6,2344.35,2328.28,2329.58
2026-05-03 21:00:00+00:00,2329.58,2334.18,2315.0,2324.27
2026-05-03 22:00:00+00:00,2324.27,2356.92,2324.26,2343.89
2026-05-03 23:00:00+00:00,2343.89,2347.47,2319.96,2322.65
2026-05-04 00:00:00+00:00,2322.65,2322.65,2309.24,2319.0
2026-05-04 01:00:00+00:00,2319.0,2354.02,2312.98,2351.2
2026-05-04 02:00:00+00:00,2351.21,2387.99,2345.41,2374.73
2026-05-04 03:00:00+00:00,2374.73,2391.0,2371.74,2385.12
2026-05-04 04:00:00+00:00,2385.11,2398.93,2384.37,2390.12
2026-05-04 05:00:00+00:00,2390.12,2391.28,2375.26,2376.19
2026-05-04 06:00:00+00:00,2376.19,2378.42,2354.2,2368.41
2026-05-04 07:00:00+00:00,2368.41,2373.87,2362.51,2362.8
2026-05-04 08:00:00+00:00,2362.79,2365.11,2357.3,2360.04
2026-05-04 09:00:00+00:00,2360.04,2371.09,2358.04,2368.71
2026-05-04 10:00:00+00:00,2368.72,2369.89,2314.25,2338.36
2026-05-04 11:00:00+00:00,2338.35,2343.62,2332.91,2337.59
2026-05-04 12:00:00+00:00,2337.59,2343.78,2333.04,2335.53
2026-05-04 13:00:00+00:00,2335.53,2344.53,2325.71,2336.53
2026-05-04 14:00:00+00:00,2336.53,2381.8,2327.47,2371.39
2026-05-04 15:00:00+00:00,2371.4,2374.38,2336.01,2350.1
2026-05-04 16:00:00+00:00,2350.11,2365.0,2336.63,2355.28
2026-05-04 17:00:00+00:00,2355.27,2379.52,2353.84,2370.09
2026-05-04 18:00:00+00:00,2370.1,2374.86,2357.02,2361.41
2026-05-04 19:00:00+00:00,2361.42,2364.35,2353.52,2356.52
2026-05-04 20:00:00+00:00,2356.52,2359.12,2347.77,2350.15
2026-05-04 21:00:00+00:00,2350.14,2364.59,2350.14,2360.89
2026-05-04 22:00:00+00:00,2360.89,2365.91,2353.95,2354.58
2026-05-04 23:00:00+00:00,2354.58,2354.58,2344.83,2347.16
2026-05-05 00:00:00+00:00,2347.17,2359.0,2344.93,2358.83
2026-05-05 01:00:00+00:00,2358.83,2364.49,2355.1,2361.82
2026-05-05 02:00:00+00:00,2361.81,2377.8,2359.1,2367.72
2026-05-05 03:00:00+00:00,2367.72,2389.38,2364.71,2382.43
2026-05-05 04:00:00+00:00,2382.43,2386.0,2376.04,2381.11
2026-05-05 05:00:00+00:00,2381.1,2390.74,2376.88,2380.19
2026-05-05 06:00:00+00:00,2380.19,2381.51,2367.35,2378.85
2026-05-05 07:00:00+00:00,2378.84,2388.56,2375.81,2380.59
2026-05-05 08:00:00+00:00,2380.59,2384.62,2373.0,2376.81
2026-05-05 09:00:00+00:00,2376.82,2376.96,2366.76,2369.6
2026-05-05 10:00:00+00:00,2369.6,2379.34,2367.3,2378.41
2026-05-05 11:00:00+00:00,2378.42,2383.49,2372.95,2379.89
2026-05-05 12:00:00+00:00,2379.89,2390.47,2376.34,2388.52
2026-05-05 13:00:00+00:00,2388.52,2399.5,2383.5,2388.72
2026-05-05 14:00:00+00:00,2388.71,2392.36,2369.17,2378.78
2026-05-05 15:00:00+00:00,2378.78,2387.93,2375.5,2381.31
2026-05-05 16:00:00+00:00,2381.3,2383.38,2361.0,2365.94
2026-05-05 17:00:00+00:00,2365.94,2369.92,2359.71,2362.8
2026-05-05 18:00:00+00:00,2362.81,2374.78,2362.81,2372.28
2026-05-05 19:00:00+00:00,2372.28,2376.73,2369.33,2371.94
2026-05-05 20:00:00+00:00,2371.94,2387.0,2371.21,2382.41
2026-05-05 21:00:00+00:00,2382.41,2388.54,2368.9,2375.43
2026-05-05 22:00:00+00:00,2375.43,2381.68,2354.34,2367.51
2026-05-05 23:00:00+00:00,2367.51,2369.75,2355.0,2360.77
2026-05-06 00:00:00+00:00,2360.76,2367.72,2355.0,2364.63
2026-05-06 01:00:00+00:00,2364.63,2376.99,2362.75,2373.19
2026-05-06 02:00:00+00:00,2373.2,2373.7,2360.0,2369.75
2026-05-06 03:00:00+00:00,2369.75,2380.87,2368.08,2376.8
2026-05-06 04:00:00+00:00,2376.81,2379.4,2361.25,2366.08
2026-05-06 05:00:00+00:00,2366.08,2366.99,2355.0,2365.03
2026-05-06 06:00:00+00:00,2365.03,2371.29,2361.0,2370.52
2026-05-06 07:00:00+00:00,2370.53,2375.0,2368.57,2371.74
2026-05-06 08:00:00+00:00,2371.74,2396.19,2369.16,2394.33
2026-05-06 09:00:00+00:00,2394.32,2418.39,2384.8,2412.76
2026-05-06 10:00:00+00:00,2412.77,2414.43,2405.18,2410.2
2026-05-06 11:00:00+00:00,2410.2,2423.74,2408.34,2410.47
2026-05-06 12:00:00+00:00,2410.47,2413.59,2400.55,2405.11
2026-05-06 13:00:00+00:00,2405.11,2405.11,2365.01,2368.51
2026-05-06 14:00:00+00:00,2368.52,2373.29,2346.68,2359.23
2026-05-06 15:00:00+00:00,2359.23,2366.0,2354.98,2359.1
2026-05-06 16:00:00+00:00,2359.1,2367.47,2350.56,2358.08
2026-05-06 17:00:00+00:00,2358.09,2360.99,2347.71,2349.7
2026-05-06 18:00:00+00:00,2349.71,2352.55,2338.0,2345.0
2026-05-06 19:00:00+00:00,2345.0,2350.0,2342.14,2348.5
2026-05-06 20:00:00+00:00,2348.49,2357.04,2345.23,2350.94
2026-05-06 21:00:00+00:00,2350.94,2357.45,2345.83,2354.52
2026-05-06 22:00:00+00:00,2354.52,2355.05,2344.99,2347.28
2026-05-06 23:00:00+00:00,2347.28,2351.34,2338.28,2350.84
2026-05-07 00:00:00+00:00,2350.84,2352.3,2329.05,2329.65
2026-05-07 01:00:00+00:00,2329.66,2335.0,2314.16,2327.41
2026-05-07 02:00:00+00:00,2327.4,2327.95,2313.89,2321.88
2026-05-07 03:00:00+00:00,2321.89,2326.2,2315.74,2322.39
2026-05-07 04:00:00+00:00,2322.39,2327.52,2317.8,2327.51
2026-05-07 05:00:00+00:00,2327.51,2333.97,2327.02,2331.08
2026-05-07 06:00:00+00:00,2331.08,2338.57,2320.0,2337.13
2026-05-07 07:00:00+00:00,2337.14,2346.89,2336.72,2344.59
2026-05-07 08:00:00+00:00,2344.59,2346.6,2332.0,2333.73
2026-05-07 09:00:00+00:00,2333.73,2337.11,2326.83,2329.05
2026-05-07 10:00:00+00:00,2329.04,2331.63,2317.35,2326.78
2026-05-07 11:00:00+00:00,2326.78,2331.59,2325.45,2329.94
2026-05-07 12:00:00+00:00,2329.94,2337.13,2329.04,2333.01
2026-05-07 13:00:00+00:00,2333.02,2333.02,2305.4,2314.32
2026-05-07 14:00:00+00:00,2314.32,2318.75,2289.51,2298.98
2026-05-07 15:00:00+00:00,2298.98,2304.52,2285.95,2294.82
2026-05-07 16:00:00+00:00,2294.82,2298.2,2285.37,2291.81
2026-05-07 17:00:00+00:00,2291.81,2301.25,2280.1,2299.6
2026-05-07 18:00:00+00:00,2299.61,2304.0,2291.27,2296.19
2026-05-07 19:00:00+00:00,2296.18,2297.09,2287.88,2295.98
2026-05-07 20:00:00+00:00,2295.98,2302.57,2287.94,2289.1
2026-05-07 21:00:00+00:00,2289.1,2294.29,2281.29,2287.68
2026-05-07 22:00:00+00:00,2287.68,2290.24,2281.04,2287.03
2026-05-07 23:00:00+00:00,2287.03,2293.24,2286.11,2291.06
2026-05-08 00:00:00+00:00,2291.06,2294.28,2283.66,2286.83
2026-05-08 01:00:00+00:00,2286.83,2289.31,2280.28,2285.06
2026-05-08 02:00:00+00:00,2285.06,2285.71,2268.0,2279.15
2026-05-08 03:00:00+00:00,2279.15,2281.6,2265.61,2278.76
2026-05-08 04:00:00+00:00,2278.77,2284.54,2276.5,2281.63
2026-05-08 05:00:00+00:00,2281.63,2284.0,2275.97,2275.97
2026-05-08 06:00:00+00:00,2275.98,2278.5,2268.6,2275.22
2026-05-08 07:00:00+00:00,2275.23,2282.69,2267.15,2281.35
2026-05-08 08:00:00+00:00,2281.37,2289.13,2280.15,2283.56
2026-05-08 09:00:00+00:00,2283.56,2292.12,2280.35,2284.34
2026-05-08 10:00:00+00:00,2284.34,2290.96,2281.17,2287.94
2026-05-08 11:00:00+00:00,2287.95,2298.01,2287.95,2295.38
2026-05-08 12:00:00+00:00,2295.38,2302.0,2282.46,2284.53
2026-05-08 13:00:00+00:00,2284.53,2287.0,2269.96,2276.46
2026-05-08 14:00:00+00:00,2276.46,2292.66,2273.32,2285.72
2026-05-08 15:00:00+00:00,2285.72,2294.44,2274.94,2293.2
2026-05-08 16:00:00+00:00,2293.2,2294.37,2286.42,2289.93
2026-05-08 17:00:00+00:00,2289.93,2315.63,2289.39,2304.86
2026-05-08 18:00:00+00:00,2304.87,2321.22,2304.87,2313.49
2026-05-08 19:00:00+00:00,2313.49,2320.36,2312.48,2316.05
2026-05-08 20:00:00+00:00,2316.06,2317.0,2305.36,2306.65
2026-05-08 21:00:00+00:00,2306.64,2314.94,2304.21,2314.63
2026-05-08 22:00:00+00:00,2314.62,2319.15,2310.26,2310.98
2026-05-08 23:00:00+00:00,2310.98,2310.98,2303.19,2307.06
2026-05-09 00:00:00+00:00,2307.07,2312.03,2304.19,2308.55
2026-05-09 01:00:00+00:00,2308.55,2318.45,2308.23,2314.22
2026-05-09 02:00:00+00:00,2314.23,2320.3,2313.8,2317.07
2026-05-09 03:00:00+00:00,2317.07,2320.77,2312.6,2315.33
2026-05-09 04:00:00+00:00,2315.33,2325.33,2311.27,2312.35
2026-05-09 05:00:00+00:00,2312.35,2318.29,2310.9,2314.82
2026-05-09 06:00:00+00:00,2314.82,2319.59,2312.95,2314.35
2026-05-09 07:00:00+00:00,2314.35,2318.56,2311.34,2314.69
2026-05-09 08:00:00+00:00,2314.69,2320.53,2314.23,2317.16
2026-05-09 09:00:00+00:00,2317.16,2317.52,2311.37,2313.28
2026-05-09 10:00:00+00:00,2313.28,2315.03,2310.24,2312.5
2026-05-09 11:00:00+00:00,2312.49,2315.56,2312.49,2314.57
2026-05-09 12:00:00+00:00,2314.56,2318.27,2313.24,2316.54
2026-05-09 13:00:00+00:00,2316.54,2316.55,2311.69,2314.34
2026-05-09 14:00:00+00:00,2314.34,2315.32,2305.21,2308.27
2026-05-09 15:00:00+00:00,2308.27,2317.64,2300.0,2317.63
2026-05-09 16:00:00+00:00,2317.64,2325.28,2315.29,2319.99
2026-05-09 17:00:00+00:00,2320.0,2333.61,2320.0,2329.45
2026-05-09 18:00:00+00:00,2329.46,2338.37,2328.8,2330.22
2026-05-09 19:00:00+00:00,2330.23,2333.1,2326.54,2332.01
2026-05-09 20:00:00+00:00,2332.02,2332.81,2327.26,2329.18
2026-05-09 21:00:00+00:00,2329.17,2331.55,2328.62,2330.82
2026-05-09 22:00:00+00:00,2330.82,2333.47,2327.22,2329.89
2026-05-09 23:00:00+00:00,2329.89,2331.96,2324.7,2326.44
2026-05-10 00:00:00+00:00,2326.43,2329.71,2321.16,2323.89
2026-05-10 01:00:00+00:00,2323.9,2324.97,2318.33,2323.67
2026-05-10 02:00:00+00:00,2323.68,2328.0,2320.08,2327.94
2026-05-10 03:00:00+00:00,2327.94,2332.91,2323.7,2327.76
2026-05-10 04:00:00+00:00,2327.75,2330.98,2326.1,2328.27
2026-05-10 05:00:00+00:00,2328.28,2330.0,2326.51,2327.3
2026-05-10 06:00:00+00:00,2327.3,2330.75,2326.65,2329.3
2026-05-10 07:00:00+00:00,2329.31,2332.09,2327.36,2327.36
2026-05-10 08:00:00+00:00,2327.36,2331.83,2326.16,2330.15
2026-05-10 09:00:00+00:00,2330.16,2333.59,2326.92,2328.22
2026-05-10 10:00:00+00:00,2328.23,2328.82,2323.38,2325.46
2026-05-10 11:00:00+00:00,2325.46,2327.42,2319.0,2322.58
2026-05-10 12:00:00+00:00,2322.59,2325.35,2320.87,2324.12
2026-05-10 13:00:00+00:00,2324.12,2331.99,2323.28,2329.8
2026-05-10 14:00:00+00:00,2329.8,2335.0,2326.94,2330.9
2026-05-10 15:00:00+00:00,2330.9,2351.66,2330.9,2347.56
2026-05-10 16:00:00+00:00,2347.56,2350.85,2340.11,2350.0
2026-05-10 17:00:00+00:00,2349.99,2368.0,2345.4,2364.1
2026-05-10 18:00:00+00:00,2364.11,2366.79,2356.63,2358.54
2026-05-10 19:00:00+00:00,2358.53,2366.79,2351.25,2365.54
2026-05-10 20:00:00+00:00,2365.54,2369.86,2311.83,2328.76
2026-05-10 21:00:00+00:00,2328.76,2336.85,2324.02,2330.8
2026-05-10 22:00:00+00:00,2330.79,2377.64,2327.92,2373.78
2026-05-10 23:00:00+00:00,2373.78,2382.53,2367.95,2371.27
2026-05-11 00:00:00+00:00,2371.26,2374.92,2344.59,2352.35
2026-05-11 01:00:00+00:00,2352.36,2365.58,2345.33,2358.54
2026-05-11 02:00:00+00:00,2358.54,2360.79,2343.38,2345.39
2026-05-11 03:00:00+00:00,2345.4,2345.4,2320.01,2330.56
2026-05-11 04:00:00+00:00,2330.56,2335.99,2326.66,2332.85
2026-05-11 05:00:00+00:00,2332.85,2340.49,2332.05,2335.3
2026-05-11 06:00:00+00:00,2335.29,2342.44,2330.05,2333.48
2026-05-11 07:00:00+00:00,2333.49,2333.49,2328.25,2330.54
2026-05-11 08:00:00+00:00,2330.55,2334.66,2326.66,2330.48
2026-05-11 09:00:00+00:00,2330.48,2338.61,2330.26,2336.08
2026-05-11 10:00:00+00:00,2336.07,2339.9,2329.93,2329.94
2026-05-11 11:00:00+00:00,2329.93,2335.8,2327.43,2335.8
2026-05-11 12:00:00+00:00,2335.8,2338.89,2328.79,2329.5
2026-05-11 13:00:00+00:00,2329.51,2332.86,2314.77,2322.32
2026-05-11 14:00:00+00:00,2322.31,2328.8,2304.0,2316.48
2026-05-11 15:00:00+00:00,2316.48,2335.6,2313.4,2333.48
2026-05-11 16:00:00+00:00,2333.48,2341.21,2327.38,2329.78
2026-05-11 17:00:00+00:00,2329.79,2343.83,2323.68,2336.71
2026-05-11 18:00:00+00:00,2336.71,2344.35,2334.55,2335.35
2026-05-11 19:00:00+00:00,2335.35,2344.0,2331.92,2340.43
2026-05-11 20:00:00+00:00,2340.44,2345.44,2336.27,2338.15
2026-05-11 21:00:00+00:00,2338.16,2342.49,2336.36,2340.71
2026-05-11 22:00:00+00:00,2340.71,2345.68,2336.63,2341.43
2026-05-11 23:00:00+00:00,2341.43,2342.23,2335.08,2339.87
2026-05-12 00:00:00+00:00,2339.88,2340.85,2332.13,2333.54
2026-05-12 01:00:00+00:00,2333.54,2335.66,2295.01,2311.41
2026-05-12 02:00:00+00:00,2311.4,2317.0,2307.2,2315.89
2026-05-12 03:00:00+00:00,2315.89,2317.31,2307.2,2309.37
2026-05-12 04:00:00+00:00,2309.36,2314.49,2305.65,2310.92
2026-05-12 05:00:00+00:00,2310.92,2314.08,2309.74,2310.12
2026-05-12 06:00:00+00:00,2310.13,2313.84,2302.63,2303.89
2026-05-12 07:00:00+00:00,2303.9,2304.82,2291.63,2295.2
2026-05-12 08:00:00+00:00,2295.2,2296.27,2280.0,2288.01
2026-05-12 09:00:00+00:00,2288.0,2295.3,2281.1,2292.84
2026-05-12 10:00:00+00:00,2292.84,2293.88,2281.42,2286.2
2026-05-12 11:00:00+00:00,2286.21,2287.09,2278.57,2287.01
2026-05-12 12:00:00+00:00,2287.02,2294.01,2281.14,2288.97
2026-05-12 13:00:00+00:00,2288.97,2292.51,2268.88,2271.99
2026-05-12 14:00:00+00:00,2271.99,2281.89,2262.37,2269.18
2026-05-12 15:00:00+00:00,2269.18,2274.38,2256.67,2261.85
2026-05-12 16:00:00+00:00,2261.86,2271.24,2256.27,2263.83
2026-05-12 17:00:00+00:00,2263.83,2278.0,2263.83,2276.59
2026-05-12 18:00:00+00:00,2276.6,2284.6,2274.67,2279.3
2026-05-12 19:00:00+00:00,2279.31,2287.43,2279.15,2285.09
2026-05-12 20:00:00+00:00,2285.1,2287.39,2281.32,2285.04
2026-05-12 21:00:00+00:00,2285.05,2287.64,2282.81,2285.4
2026-05-12 22:00:00+00:00,2285.41,2291.37,2282.24,2282.34
2026-05-12 23:00:00+00:00,2282.34,2284.18,2273.88,2274.96
2026-05-13 00:00:00+00:00,2274.97,2286.79,2273.34,2281.56
2026-05-13 01:00:00+00:00,2281.56,2295.29,2280.99,2289.98
2026-05-13 02:00:00+00:00,2289.99,2299.89,2286.96,2293.99
2026-05-13 03:00:00+00:00,2293.99,2303.77,2292.44,2301.77
2026-05-13 04:00:00+00:00,2301.76,2309.0,2298.47,2306.67
2026-05-13 05:00:00+00:00,2306.68,2307.48,2295.63,2297.76
2026-05-13 06:00:00+00:00,2297.77,2305.13,2297.26,2301.84
2026-05-13 07:00:00+00:00,2301.84,2303.03,2296.95,2301.07
2026-05-13 08:00:00+00:00,2301.07,2316.96,2300.73,2316.64
2026-05-13 09:00:00+00:00,2316.65,2323.36,2314.45,2321.19
2026-05-13 10:00:00+00:00,2321.18,2321.6,2305.55,2308.46
2026-05-13 11:00:00+00:00,2308.46,2308.91,2299.0,2301.82
2026-05-13 12:00:00+00:00,2301.83,2307.54,2270.01,2284.35
2026-05-13 13:00:00+00:00,2284.35,2288.31,2258.51,2262.8
2026-05-13 14:00:00+00:00,2262.8,2270.97,2251.05,2267.39
2026-05-13 15:00:00+00:00,2267.39,2270.25,2234.13,2236.49
2026-05-13 16:00:00+00:00,2236.48,2253.35,2235.48,2250.75
2026-05-13 17:00:00+00:00,2250.75,2261.77,2250.75,2258.31
2026-05-13 18:00:00+00:00,2258.32,2268.49,2258.32,2259.68
2026-05-13 19:00:00+00:00,2259.67,2260.71,2250.56,2256.53
2026-05-13 20:00:00+00:00,2256.53,2264.46,2256.43,2263.75
2026-05-13 21:00:00+00:00,2263.76,2264.07,2253.7,2255.79
2026-05-13 22:00:00+00:00,2255.8,2260.55,2251.0,2259.6
2026-05-13 23:00:00+00:00,2259.59,2261.79,2254.83,2258.65
2026-05-14 00:00:00+00:00,2258.66,2269.37,2258.14,2266.58
2026-05-14 01:00:00+00:00,2266.58,2269.37,2259.9,2264.91
2026-05-14 02:00:00+00:00,2264.9,2266.75,2247.71,2251.53
2026-05-14 03:00:00+00:00,2251.54,2255.0,2238.64,2242.14
2026-05-14 04:00:00+00:00,2242.14,2258.25,2239.54,2256.7
2026-05-14 05:00:00+00:00,2256.69,2273.71,2255.53,2268.44
2026-05-14 06:00:00+00:00,2268.44,2275.2,2266.86,2267.71
2026-05-14 07:00:00+00:00,2267.72,2270.79,2263.88,2265.48
2026-05-14 08:00:00+00:00,2265.49,2270.99,2262.05,2266.36
2026-05-14 09:00:00+00:00,2266.35,2267.72,2252.76,2257.8
2026-05-14 10:00:00+00:00,2257.8,2265.51,2255.84,2262.14
2026-05-14 11:00:00+00:00,2262.13,2264.0,2252.53,2253.81
2026-05-14 12:00:00+00:00,2253.81,2263.24,2248.0,2261.48
2026-05-14 13:00:00+00:00,2261.48,2265.32,2248.43,2249.42
2026-05-14 14:00:00+00:00,2249.42,2289.0,2246.13,2286.99
2026-05-14 15:00:00+00:00,2287.0,2299.7,2280.63,2298.48
2026-05-14 16:00:00+00:00,2298.48,2318.66,2293.96,2316.36
2026-05-14 17:00:00+00:00,2316.35,2319.33,2296.57,2308.18
2026-05-14 18:00:00+00:00,2308.17,2316.78,2303.0,2309.63
2026-05-14 19:00:00+00:00,2309.64,2312.22,2297.5,2298.34
2026-05-14 20:00:00+00:00,2298.34,2301.43,2288.7,2298.08
2026-05-14 21:00:00+00:00,2298.08,2300.27,2290.0,2297.19
2026-05-14 22:00:00+00:00,2297.2,2301.67,2295.2,2298.16
2026-05-14 23:00:00+00:00,2298.16,2298.16,2280.18,2283.25
2026-05-15 00:00:00+00:00,2283.26,2300.29,2281.78,2291.39
2026-05-15 01:00:00+00:00,2291.39,2294.74,2274.06,2275.45
2026-05-15 02:00:00+00:00,2275.46,2279.26,2260.45,2276.37
2026-05-15 03:00:00+00:00,2276.37,2279.64,2267.98,2273.34
2026-05-15 04:00:00+00:00,2273.35,2273.91,2262.74,2263.33
2026-05-15 05:00:00+00:00,2263.33,2267.0,2237.95,2245.41
2026-05-15 06:00:00+00:00,2245.4,2256.92,2243.8,2255.35
2026-05-15 07:00:00+00:00,2255.36,2271.64,2253.63,2265.11
2026-05-15 08:00:00+00:00,2265.11,2265.42,2250.0,2257.56
2026-05-15 09:00:00+00:00,2257.56,2260.0,2250.82,2254.5
2026-05-15 10:00:00+00:00,2254.5,2264.49,2252.35,2262.44
2026-05-15 11:00:00+00:00,2262.44,2263.95,2257.26,2257.57
2026-05-15 12:00:00+00:00,2257.56,2260.72,2251.14,2254.29
2026-05-15 13:00:00+00:00,2254.29,2254.29,2210.31,2213.68
2026-05-15 14:00:00+00:00,2213.69,2223.79,2205.11,2213.35
2026-05-15 15:00:00+00:00,2213.35,2223.96,2209.79,2222.85
2026-05-15 16:00:00+00:00,2222.86,2231.11,2218.9,2224.59
2026-05-15 17:00:00+00:00,2224.59,2232.88,2224.26,2229.47
2026-05-15 18:00:00+00:00,2229.47,2232.86,2224.97,2228.36
2026-05-15 19:00:00+00:00,2228.35,2228.42,2222.27,2223.35
2026-05-15 20:00:00+00:00,2223.35,2226.13,2216.99,2220.14
2026-05-15 21:00:00+00:00,2220.13,2225.08,2215.0,2216.99
2026-05-15 22:00:00+00:00,2217.0,2225.01,2216.99,2224.18
2026-05-15 23:00:00+00:00,2224.18,2226.29,2222.88,2224.66
2026-05-16 00:00:00+00:00,2224.65,2231.51,2223.81,2227.0
2026-05-16 01:00:00+00:00,2226.99,2230.85,2223.53,2229.62
2026-05-16 02:00:00+00:00,2229.62,2231.5,2227.0,2229.91
2026-05-16 03:00:00+00:00,2229.91,2230.64,2227.11,2228.01
2026-05-16 04:00:00+00:00,2228.0,2228.96,2218.35,2225.98
2026-05-16 05:00:00+00:00,2225.99,2227.13,2222.69,2225.37
2026-05-16 06:00:00+00:00,2225.38,2226.89,2209.7,2215.45
2026-05-16 07:00:00+00:00,2215.46,2215.81,2182.0,2194.81
2026-05-16 08:00:00+00:00,2194.81,2196.87,2192.01,2193.26
2026-05-16 09:00:00+00:00,2193.26,2193.85,2162.6,2173.57
2026-05-16 10:00:00+00:00,2173.57,2175.0,2162.55,2173.85
2026-05-16 11:00:00+00:00,2173.85,2181.0,2173.85,2176.1
2026-05-16 12:00:00+00:00,2176.11,2179.26,2173.18,2176.5
2026-05-16 13:00:00+00:00,2176.5,2180.0,2172.3,2177.12
2026-05-16 14:00:00+00:00,2177.12,2188.16,2173.51,2179.93
2026-05-16 15:00:00+00:00,2179.92,2183.79,2176.9,2180.0
2026-05-16 16:00:00+00:00,2180.0,2183.52,2170.5,2174.11
2026-05-16 17:00:00+00:00,2174.11,2180.79,2174.11,2178.91
2026-05-16 18:00:00+00:00,2178.91,2185.22,2176.36,2181.35
2026-05-16 19:00:00+00:00,2181.35,2182.77,2179.23,2179.57
2026-05-16 20:00:00+00:00,2179.57,2182.9,2179.57,2181.45
2026-05-16 21:00:00+00:00,2181.45,2183.54,2180.94,2182.39
2026-05-16 22:00:00+00:00,2182.39,2183.28,2179.77,2180.47
2026-05-16 23:00:00+00:00,2180.46,2183.03,2179.35,2180.77
2026-05-17 00:00:00+00:00,2180.77,2185.6,2174.08,2177.59
2026-05-17 01:00:00+00:00,2177.6,2183.6,2167.98,2169.18
2026-05-17 02:00:00+00:00,2169.17,2176.25,2169.17,2174.5
2026-05-17 03:00:00+00:00,2174.51,2184.5,2174.26,2181.7
2026-05-17 04:00:00+00:00,2181.71,2190.37,2181.14,2187.61
2026-05-17 05:00:00+00:00,2187.61,2195.0,2185.63,2185.91
2026-05-17 06:00:00+00:00,2185.91,2188.0,2181.7,2185.02
2026-05-17 07:00:00+00:00,2185.02,2188.49,2182.53,2186.64
2026-05-17 08:00:00+00:00,2186.63,2187.06,2183.12,2185.95
2026-05-17 09:00:00+00:00,2185.95,2191.38,2185.91,2190.23
2026-05-17 10:00:00+00:00,2190.22,2198.14,2190.22,2194.28
2026-05-17 11:00:00+00:00,2194.29,2194.72,2188.0,2192.0
2026-05-17 12:00:00+00:00,2192.0,2198.04,2191.34,2194.3
2026-05-17 13:00:00+00:00,2194.3,2194.93,2187.29,2192.12
2026-05-17 14:00:00+00:00,2192.12,2192.39,2178.39,2186.64
2026-05-17 15:00:00+00:00,2186.64,2188.84,2181.2,2186.51
2026-05-17 16:00:00+00:00,2186.51,2189.12,2182.15,2182.51
2026-05-17 17:00:00+00:00,2182.52,2184.95,2176.63,2183.67
2026-05-17 18:00:00+00:00,2183.68,2188.5,2179.13,2188.49
2026-05-17 19:00:00+00:00,2188.5,2193.62,2187.56,2192.53
2026-05-17 20:00:00+00:00,2192.54,2193.68,2186.98,2189.55
2026-05-17 21:00:00+00:00,2189.55,2194.82,2187.24,2191.81
2026-05-17 22:00:00+00:00,2191.8,2191.8,2174.01,2179.69
2026-05-17 23:00:00+00:00,2179.7,2179.7,2091.48,2131.0
2026-05-18 00:00:00+00:00,2131.0,2132.0,2104.99,2115.46
2026-05-18 01:00:00+00:00,2115.47,2121.33,2106.5,2117.54
2026-05-18 02:00:00+00:00,2117.54,2124.0,2112.78,2116.64
2026-05-18 03:00:00+00:00,2116.65,2123.91,2115.89,2118.44
2026-05-18 04:00:00+00:00,2118.44,2125.5,2114.24,2124.85
2026-05-18 05:00:00+00:00,2124.85,2125.83,2117.0,2118.25
2026-05-18 06:00:00+00:00,2118.25,2121.0,2110.0,2119.03
2026-05-18 07:00:00+00:00,2119.04,2123.99,2112.07,2120.82
2026-05-18 08:00:00+00:00,2120.82,2124.05,2117.48,2121.57
2026-05-18 09:00:00+00:00,2121.57,2121.93,2116.03,2116.88
2026-05-18 10:00:00+00:00,2116.88,2117.59,2112.65,2114.55
2026-05-18 11:00:00+00:00,2114.56,2139.75,2110.5,2133.9
2026-05-18 12:00:00+00:00,2133.9,2157.24,2133.9,2151.01
2026-05-18 13:00:00+00:00,2151.02,2151.41,2120.25,2130.91
2026-05-18 14:00:00+00:00,2130.9,2130.9,2098.01,2110.32
2026-05-18 15:00:00+00:00,2110.32,2111.3,2093.77,2107.48
2026-05-18 16:00:00+00:00,2107.49,2111.19,2090.56,2097.71
2026-05-18 17:00:00+00:00,2097.71,2110.19,2095.33,2108.21
2026-05-18 18:00:00+00:00,2108.21,2109.12,2077.23,2081.32
2026-05-18 19:00:00+00:00,2081.31,2128.49,2079.64,2125.07
2026-05-18 20:00:00+00:00,2125.07,2131.03,2115.01,2117.61
2026-05-18 21:00:00+00:00,2117.62,2142.67,2114.59,2137.38
2026-05-18 22:00:00+00:00,2137.39,2142.57,2130.5,2135.74
2026-05-18 23:00:00+00:00,2135.73,2139.17,2127.75,2130.08
2026-05-19 00:00:00+00:00,2130.08,2146.95,2128.44,2135.88
2026-05-19 01:00:00+00:00,2135.88,2138.4,2123.71,2124.92
2026-05-19 02:00:00+00:00,2124.92,2135.67,2118.6,2123.31
2026-05-19 03:00:00+00:00,2123.3,2134.61,2122.06,2131.3
2026-05-19 04:00:00+00:00,2131.3,2136.65,2128.22,2133.88
2026-05-19 05:00:00+00:00,2133.88,2137.74,2123.61,2135.21
2026-05-19 06:00:00+00:00,2135.21,2140.31,2132.71,2137.52
2026-05-19 07:00:00+00:00,2137.52,2145.0,2135.29,2140.97
2026-05-19 08:00:00+00:00,2140.97,2141.4,2131.01,2133.72
2026-05-19 09:00:00+00:00,2133.72,2134.5,2111.25,2114.49
2026-05-19 10:00:00+00:00,2114.49,2121.96,2106.77,2118.36
2026-05-19 11:00:00+00:00,2118.37,2120.24,2109.22,2110.85
2026-05-19 12:00:00+00:00,2110.85,2119.35,2108.64,2118.49
2026-05-19 13:00:00+00:00,2118.5,2127.53,2107.65,2119.03
2026-05-19 14:00:00+00:00,2119.02,2123.6,2094.47,2106.55
2026-05-19 15:00:00+00:00,2106.54,2113.42,2103.58,2110.19
2026-05-19 16:00:00+00:00,2110.2,2122.45,2107.12,2121.12
2026-05-19 17:00:00+00:00,2121.11,2125.07,2112.92,2115.75
2026-05-19 18:00:00+00:00,2115.75,2119.62,2110.74,2115.28
2026-05-19 19:00:00+00:00,2115.27,2123.16,2110.14,2113.15
2026-05-19 20:00:00+00:00,2113.14,2118.82,2112.41,2118.39
2026-05-19 21:00:00+00:00,2118.38,2120.59,2116.69,2116.97
2026-05-19 22:00:00+00:00,2116.97,2116.97,2102.09,2106.4
2026-05-19 23:00:00+00:00,2106.4,2118.68,2104.66,2117.62
